방아이디,방비밀번호,방제목,방장아이디
Team1,1234,Title1,tester1
Team2,1235,Title2,tester2
Team3,1236,Title3,tester3
Team4,1237,Title4,tester4
Team5,1238,Title5,tester5
Team6,1239,Title6,tester6
Team7,1240,Title7,tester7
Team8,1241,Title8,tester8
Team9,1242,Title9,tester9
Team10,1243,Title10,tester10
Team11,1244,Title11,tester11
Team12,1245,Title12,tester12
Team13,1246,Title13,tester13
Team14,1247,Title14,tester14
Team15,1248,Title15,tester15
Team16,1249,Title16,tester16
Team17,1250,Title17,tester17
Team18,1251,Title18,tester18
Team19,1252,Title19,tester19
Team20,1253,Title20,tester20
