팀일정아이디,일정내용,종료날짜,구분,시작날짜,일정제목,작성자아이디,방아이디
1,detail1,2021-02-14,0,2021-02-05,title1,tester5,Team5
2,detail2,2021-02-15,0,2021-02-06,title2,tester15,Team15
3,detail3,2021-02-16,0,2021-02-07,title3,tester14,Team14
4,detail4,2021-02-17,0,2021-02-08,title4,tester5,Team5
5,detail5,2021-02-18,0,2021-02-09,title5,tester11,Team11
6,detail6,2021-02-19,0,2021-02-10,title6,tester1,Team1
7,detail7,2021-02-20,0,2021-02-11,title7,tester4,Team4
8,detail8,2021-02-21,0,2021-02-12,title8,tester18,Team18
9,detail9,2021-02-22,0,2021-02-13,title9,tester6,Team6
10,detail10,2021-02-23,0,2021-02-14,title10,tester3,Team3
11,detail11,2021-02-24,0,2021-02-15,title11,tester6,Team6
12,detail12,2021-02-25,0,2021-02-16,title12,tester8,Team8
13,detail13,2021-02-26,0,2021-02-17,title13,tester11,Team11
14,detail14,2021-02-27,0,2021-02-18,title14,tester14,Team14
15,detail15,2021-02-28,0,2021-02-19,title15,tester11,Team11
16,detail16,2021-03-01,0,2021-02-20,title16,tester20,Team20
17,detail17,2021-03-02,0,2021-02-21,title17,tester5,Team5
18,detail18,2021-03-03,0,2021-02-22,title18,tester6,Team6
19,detail19,2021-03-04,0,2021-02-23,title19,tester8,Team8
20,detail20,2021-02-27,0,2021-02-24,title20,tester8,Team8
21,detail21,2021-02-28,0,2021-02-25,title21,tester12,Team12
22,detail22,2021-03-01,0,2021-02-26,title22,tester21,Team21
23,detail23,2021-03-02,0,2021-02-27,title23,tester8,Team8
24,detail24,2021-03-03,0,2021-02-28,title24,tester3,Team3
25,detail25,2021-03-04,0,2021-03-01,title25,tester11,Team11
26,detail26,2021-03-05,0,2021-03-02,title26,tester20,Team20
27,detail27,2021-03-06,0,2021-03-03,title27,tester14,Team14
28,detail28,2021-03-07,0,2021-03-04,title28,tester3,Team3
29,detail29,2021-03-08,0,2021-03-05,title29,tester10,Team10
30,detail30,2021-03-09,0,2021-03-06,title30,tester12,Team12
31,detail31,2021-03-10,0,2021-03-07,title31,tester20,Team20
32,detail32,2021-03-11,0,2021-03-08,title32,tester2,Team2
33,detail33,2021-03-01,0,2021-03-09,title33,tester9,Team9
34,detail34,2021-03-02,0,2021-03-10,title34,tester16,Team16
35,detail35,2021-03-03,0,2021-03-11,title35,tester19,Team19
36,detail36,2021-03-04,0,2021-03-12,title36,tester2,Team2
37,detail37,2021-03-05,0,2021-03-13,title37,tester12,Team12
38,detail38,2021-03-06,0,2021-03-14,title38,tester2,Team2
39,detail39,2021-03-07,0,2021-03-15,title39,tester10,Team10
40,detail40,2021-03-09,0,2021-03-16,title40,tester11,Team11
41,detail41,2021-03-10,0,2021-03-17,title41,tester13,Team13
42,detail42,2021-03-11,0,2021-03-18,title42,tester3,Team3
43,detail43,2021-03-12,0,2021-03-19,title43,tester5,Team5
44,detail44,2021-03-13,0,2021-03-20,title44,tester4,Team4
45,detail45,2021-03-14,0,2021-03-21,title45,tester2,Team2
46,detail46,2021-03-15,0,2021-03-22,title46,tester9,Team9
47,detail47,2021-03-16,0,2021-03-23,title47,tester1,Team1
48,detail48,2021-03-17,0,2021-03-24,title48,tester15,Team15
49,detail49,2021-03-18,0,2021-03-25,title49,tester7,Team7
50,detail50,2021-03-19,0,2021-03-26,title50,tester21,Team21
51,detail51,2021-03-20,0,2021-03-27,title51,tester10,Team10
52,detail52,2021-03-21,0,2021-03-28,title52,tester1,Team1
53,detail53,2021-03-22,0,2021-03-29,title53,tester19,Team19
54,detail54,2021-03-23,0,2021-03-30,title54,tester19,Team19
